date,receipt_number,day_of_week,is_wednesday_deal,quantity,subtotal,line_discount,brand_name,product_category,retail_price
2026-03-25,574,Wednesday,0,1.0,58.99,0.0,Guess,Shorts,58.99
2026-03-25,575,Wednesday,0,1.0,8.99,0.0,French Bee,Accessories,8.99
2026-03-25,576,Wednesday,0,1.0,28.99,0.0,Jane & Delancy,Top,28.99
2026-03-25,576,Wednesday,0,1.0,14.99,0.0,Heart Soul,Top,14.99
2026-03-25,577,Wednesday,0,1.0,18.99,0.0,Thml,Sweater/Cardigan,18.99
2026-03-25,577,Wednesday,0,1.0,25.99,0.0,Altar'd State,Dress,25.99
2026-03-25,577,Wednesday,0,1.0,22.99,0.0,Tommy Hilfiger,Dress,22.99
2026-03-25,577,Wednesday,0,1.0,25.99,0.0,Banana Republic,Dress,25.99
2026-03-25,577,Wednesday,0,1.0,55.99,0.0,Johnny Was,Dress,55.99
2026-03-25,578,Wednesday,0,1.0,13.99,0.0,Beige,Top,13.99
2026-03-25,578,Wednesday,0,1.0,31.99,0.0,Calvin Klein,Top,31.99
2026-04-01,69,Wednesday,0,1.0,34.99,0.0,J Brand,Jeans/Pants,34.99
2026-04-01,70,Wednesday,0,1.0,18.99,0.0,Lauren Ralph Lauren,Accessories,18.99
2026-04-01,71,Wednesday,0,1.0,24.99,0.0,Nine West,Jacket/Coat,24.99
2026-04-01,72,Wednesday,0,1.0,19.99,0.0,,Jacket/Coat,19.99
2026-04-01,72,Wednesday,0,1.0,19.99,0.0,J.Crew,Other,19.99
2026-04-01,72,Wednesday,0,1.0,24.99,0.0,Bandolino,Jacket/Coat,24.99
2026-04-01,72,Wednesday,0,1.0,19.99,0.0,,Other,19.99
2026-04-01,73,Wednesday,0,1.0,18.99,0.0,Ocean Drive,Dress,18.99
2026-04-01,73,Wednesday,0,1.0,13.99,0.0,Zara Basic,Top,13.99
2026-04-01,74,Wednesday,0,1.0,18.99,0.0,,Top,18.99
2026-04-01,74,Wednesday,0,1.0,22.99,0.0,Altar'd State,Skirt,22.99
2026-04-01,75,Wednesday,0,1.0,29.99,0.0,J.Crew,Dress,29.99
2026-04-01,75,Wednesday,0,1.0,22.99,0.0,Banana Republic,Top,22.99
2026-04-01,75,Wednesday,0,1.0,18.99,0.0,Express,Top,18.99
2026-04-01,76,Wednesday,0,1.0,25.99,0.0,Band of the Free,Dress,25.99
2026-04-01,77,Wednesday,0,1.0,9.99,0.0,Unknown,Accessories,9.99
2026-04-01,78,Wednesday,0,1.0,24.99,0.0,fp Movement,Top,24.99
2026-04-01,78,Wednesday,0,1.0,22.99,0.0,J. Gee,Dress,22.99
2026-04-01,78,Wednesday,0,1.0,8.99,0.0,Wild Fable,Top,8.99
2026-04-01,78,Wednesday,0,1.0,33.99,0.0,Sigrid Olsen,Jeans/Pants,33.99
2026-04-08,150,Wednesday,0,1.0,32.99,0.0,Doe & Rae,Top,32.99
2026-04-08,151,Wednesday,0,1.0,14.99,0.0,Divided,Top,14.99
2026-04-08,152,Wednesday,0,1.0,28.99,0.0,Lila Rose,Dress,28.99
2026-04-08,152,Wednesday,0,1.0,14.99,0.0,Loft,Top,14.99
2026-04-08,152,Wednesday,0,1.0,22.99,0.0,Unknown,Sweater/Cardigan,22.99
2026-04-08,152,Wednesday,0,1.0,22.99,0.0,Calvin Klein,Top,22.99
2026-04-08,152,Wednesday,0,1.0,18.99,0.0,Cable & Gauge,Top,18.99
2026-04-08,152,Wednesday,0,1.0,22.99,0.0,Melloday,Top,22.99
2026-04-08,153,Wednesday,0,1.0,39.99,0.0,,Other,39.99
2026-04-08,154,Wednesday,0,1.0,28.99,0.0,Cole Haan,Shoes,28.99
2026-04-08,155,Wednesday,0,1.0,24.99,0.0,Stylus,Dress,24.99
2026-04-08,155,Wednesday,0,1.0,15.99,0.0,Vanity Fair,Other,15.99
2026-04-08,155,Wednesday,0,1.0,8.99,0.0,Unknown,Accessories,8.99
2026-04-08,155,Wednesday,0,1.0,7.992,1.998,Unknown,Accessories,9.99
2026-04-08,156,Wednesday,0,1.0,31.99,0.0,Abercrombie & Fitch,Sweater/Cardigan,31.99
2026-04-08,156,Wednesday,0,1.0,20.99,0.0,J Jill,Sweater/Cardigan,20.99
2026-04-08,157,Wednesday,0,1.0,18.99,0.0,White House Black Market,Top,18.99
2026-04-08,158,Wednesday,0,1.0,23.99,0.0,,Top,23.99
2026-04-08,159,Wednesday,0,1.0,19.99,0.0,,Top,19.99
2026-04-08,159,Wednesday,0,1.0,22.99,0.0,,Dress,22.99
2026-04-08,159,Wednesday,0,1.0,27.99,0.0,She's Cool,Dress,27.99
2026-04-08,160,Wednesday,0,1.0,23.99,0.0,,Top,23.99
2026-04-15,217,Wednesday,0,1.0,19.0,0.0,,Top,19.0
2026-04-15,217,Wednesday,0,1.0,28.99,0.0,Free People,Skirt,28.99
2026-04-15,218,Wednesday,0,1.0,15.99,0.0,Nanette Lepore,Top,15.99
2026-04-15,218,Wednesday,0,1.0,15.99,0.0,,Top,15.99
2026-04-15,218,Wednesday,0,1.0,15.99,0.0,Studio 1940,Other,15.99
2026-04-15,219,Wednesday,0,1.0,54.99,0.0,,Shoes,54.99
2026-04-15,220,Wednesday,0,1.0,25.99,0.0,Joie,Top,25.99
2026-04-15,221,Wednesday,0,1.0,24.99,0.0,Pinque,Sweater/Cardigan,24.99
2026-04-15,221,Wednesday,0,1.0,22.99,0.0,,Sweater/Cardigan,22.99
2026-04-15,222,Wednesday,0,1.0,24.99,0.0,Gap,Top,24.99
2026-04-15,222,Wednesday,0,1.0,34.99,0.0,Nina,Top,34.99
2026-04-15,223,Wednesday,0,1.0,17.99,0.0,Adrienne Vittadini,Top,17.99
2026-04-15,223,Wednesday,0,1.0,25.0,0.0,Wu-Tang,Top,25.0
2026-04-15,223,Wednesday,0,1.0,45.99,0.0,Revlon,Other,45.99
2026-04-15,224,Wednesday,0,1.0,12.99,0.0,Urban Romantics,Top,12.99
2026-04-15,225,Wednesday,0,1.0,15.99,0.0,Unknown,Accessories,15.99
2026-04-22,286,Wednesday,0,1.0,26.99,0.0,Paper Crane,Top,26.99
2026-04-22,286,Wednesday,0,1.0,12.99,0.0,Shade Shore,Top,12.99
2026-04-22,286,Wednesday,0,1.0,18.99,0.0,Zara,Dress,18.99
2026-04-22,287,Wednesday,0,1.0,15.99,0.0,,Accessories,15.99
2026-04-22,287,Wednesday,0,1.0,9.99,0.0,SJB Active,Top,9.99
2026-04-22,287,Wednesday,0,1.0,28.99,0.0,Avenue,Skirt,28.99
2026-04-22,287,Wednesday,0,1.0,27.99,0.0,JM Collection,Skirt,27.99
2026-04-22,287,Wednesday,0,1.0,275.0,0.0,Coach,Accessories,275.0
2026-04-22,287,Wednesday,0,1.0,24.99,0.0,La Sensa,Top,24.99
2026-04-22,287,Wednesday,0,1.0,22.99,0.0,One Step,Top,22.99
2026-04-22,287,Wednesday,0,1.0,24.99,0.0,In Bloom,Top,24.99
2026-04-22,287,Wednesday,0,1.0,15.99,0.0,Caroline Hill,Top,15.99
2026-04-22,287,Wednesday,0,1.0,15.99,0.0,Hydraulic,Skirt,15.99
2026-04-22,287,Wednesday,0,1.0,17.99,0.0,New Directions,Top,17.99
2026-04-22,288,Wednesday,0,1.0,16.99,0.0,Chico's,Accessories,16.99
2026-04-22,289,Wednesday,0,1.0,22.99,0.0,Harley Davidson,Top,22.99
2026-04-22,290,Wednesday,0,1.0,65.99,0.0,Unknown,Dress,65.99
2026-04-29,337,Wednesday,0,1.0,32.99,0.0,Etwo,Top,32.99
2026-04-29,338,Wednesday,0,1.0,21.99,0.0,Unknown,Other,21.99
2026-04-29,339,Wednesday,0,1.0,27.99,0.0,Madden Girl,Top,27.99
2026-04-29,339,Wednesday,0,1.0,27.99,0.0,Altar'd State,Top,27.99
2026-04-29,340,Wednesday,0,1.0,20.99,0.0,Aeropostale,Accessories,20.99
2026-04-29,341,Wednesday,0,1.0,28.99,0.0,Vici,Top,28.99
2026-04-29,342,Wednesday,0,1.0,35.99,0.0,Unknown,Dress,35.99
2026-05-06,396,Wednesday,0,1.0,26.99,0.0,Travelers,Top,26.99
2026-05-06,396,Wednesday,0,1.0,12.99,0.0,Unknown,Accessories,12.99
2026-05-13,443,Wednesday,0,1.0,24.99,0.0,Unknown,Set,24.99
2026-05-13,444,Wednesday,0,1.0,12.99,0.0,Unknown,Accessories,12.99
2026-05-13,445,Wednesday,0,1.0,12.99,0.0,Altar'd State,Top,12.99
2026-05-13,446,Wednesday,0,1.0,23.99,0.0,,Top,23.99
2026-05-13,446,Wednesday,0,1.0,24.99,0.0,T by Talbots,Top,24.99
2026-05-13,446,Wednesday,0,1.0,18.99,0.0,Apt 9,Other,18.99
2026-05-13,447,Wednesday,0,1.0,35.99,0.0,Stella & Dot,Accessories,35.99
2026-05-13,448,Wednesday,0,1.0,39.99,0.0,La Canadienne,Shoes,39.99
2026-05-13,449,Wednesday,0,1.0,19.99,0.0,Lauren Ralph Lauren,Top,19.99
2026-05-13,449,Wednesday,0,1.0,22.99,0.0,Tribal,Skirt,22.99
2026-05-13,449,Wednesday,0,1.0,21.99,0.0,Unknown,Skirt,21.99
2026-05-13,450,Wednesday,0,1.0,25.99,0.0,Angie,Top,25.99
2026-05-13,451,Wednesday,0,1.0,44.99,0.0,Nicole Lee,Accessories,44.99
2026-05-20,542,Wednesday,0,1.0,11.99,0.0,,Top,11.99
2026-05-20,542,Wednesday,0,1.0,12.99,0.0,,Top,12.99
2026-05-20,542,Wednesday,0,1.0,15.99,0.0,Mng,Top,15.99
2026-05-20,543,Wednesday,0,1.0,14.99,0.0,,Top,14.99
2026-05-20,543,Wednesday,0,1.0,24.99,0.0,,Dress,24.99
2026-05-20,544,Wednesday,0,1.0,24.99,0.0,Jones New York,Dress,24.99
2026-05-20,545,Wednesday,0,1.0,23.99,0.0,,Top,23.99
2026-05-20,545,Wednesday,0,1.0,14.99,0.0,,Top,14.99
2026-05-20,545,Wednesday,0,1.0,19.99,0.0,,Top,19.99
2026-05-20,545,Wednesday,0,1.0,19.99,0.0,Altar'd State,Top,19.99
2026-05-20,545,Wednesday,0,1.0,21.99,0.0,She & Sky,Top,21.99
2026-05-20,545,Wednesday,0,1.0,28.99,0.0,Banana Republic,Sweater/Cardigan,28.99
2026-05-27,592,Wednesday,0,1.0,17.99,0.0,Rhythm,Other,17.99
2026-05-27,592,Wednesday,0,1.0,89.99,0.0,Circle G,Shoes,89.99
2026-05-27,593,Wednesday,0,1.0,25.0,0.0,,,
2026-05-27,594,Wednesday,0,1.0,79.99,0.0,Unknown,Accessories,79.99
2026-05-27,594,Wednesday,0,1.0,22.99,0.0,Express,Dress,22.99
2026-05-27,595,Wednesday,0,1.0,15.99,0.0,Undiz,Top,15.99
2026-05-27,595,Wednesday,0,1.0,25.99,0.0,Harley Davidson,Top,25.99
2026-05-27,595,Wednesday,0,1.0,150.0,0.0,Polo Ralph Lauren,Jacket/Coat,150.0
2026-05-27,596,Wednesday,0,1.0,22.99,0.0,Jun & Ivy,Top,22.99
2026-05-27,597,Wednesday,0,1.0,39.99,0.0,Rock & Republic,Jeans/Pants,39.99
2026-05-27,597,Wednesday,0,1.0,25.99,0.0,Unknown,Skirt,25.99
2026-05-27,598,Wednesday,0,1.0,25.0,0.0,,Top,25.0
2026-06-03,647,Wednesday,1,1.0,11.995,11.995,,Top,23.99
2026-06-03,647,Wednesday,1,1.0,74.99,0.0,Unknown,Shorts,74.99
2026-06-03,648,Wednesday,0,1.0,40.0,0.0,,Dress,40.0
2026-06-03,649,Wednesday,1,1.0,25.99,0.0,Guess,Dress,25.99
2026-06-03,649,Wednesday,1,1.0,0.0,32.99,Elevenses,Skirt,32.99
2026-06-03,649,Wednesday,1,1.0,11.495,11.495,Unknown,Dress,22.99
2026-06-03,650,Wednesday,1,1.0,275.0,150.0,Coach,Accessories,425.0
2026-06-03,651,Wednesday,1,1.0,6.495,6.495,,Top,12.99
2026-06-03,651,Wednesday,1,1.0,17.99,0.0,,Top,17.99
2026-06-03,652,Wednesday,1,1.0,32.99,0.0,City Triangles,Dress,32.99
2026-06-03,652,Wednesday,1,1.0,14.995,14.995,Calvin Klein Jeans,Jacket/Coat,29.99
2026-06-03,653,Wednesday,1,1.0,7.995,7.995,Mine,Top,15.99
2026-06-03,653,Wednesday,1,1.0,33.99,0.0,Unknown,Skirt,33.99
2026-06-03,653,Wednesday,1,1.0,7.995,7.995,Hot Tees,Top,15.99
2026-06-03,653,Wednesday,1,1.0,13.99,0.0,,Top,13.99
2026-06-03,653,Wednesday,1,1.0,15.995,15.995,Diesel,Skirt,31.99
2026-06-03,653,Wednesday,1,1.0,12.99,0.0,Eyeshadow,Top,12.99
2026-06-03,654,Wednesday,0,1.0,21.99,0.0,Unknown,Accessories,21.99
2026-06-03,655,Wednesday,1,1.0,7.5,7.5,Sleevey Wonders,Top,15.0
2026-06-03,655,Wednesday,1,1.0,15.99,0.0,,Top,15.99
2026-06-03,656,Wednesday,1,1.0,19.995,19.995,Vertigo,Sweater/Cardigan,39.99
2026-06-03,656,Wednesday,1,1.0,44.99,0.0,Persaman,Sweater/Cardigan,44.99
2026-06-03,657,Wednesday,1,1.0,25.99,0.0,JKLA California,Other,25.99
2026-06-03,657,Wednesday,1,1.0,11.495,11.495,Judith Hart,Top,22.99
2026-06-03,657,Wednesday,1,1.0,70.0,0.0,Coach,Accessories,70.0
2026-06-03,658,Wednesday,1,1.0,29.99,0.0,Loft,Skirt,29.99
2026-06-03,658,Wednesday,1,1.0,10.995,10.995,Unknown,Skirt,21.99
2026-06-03,659,Wednesday,0,1.0,17.99,0.0,Russel,Top,17.99
2026-06-03,660,Wednesday,1,1.0,24.99,0.0,Madison & Berkeley,Top,24.99
2026-06-03,660,Wednesday,1,1.0,9.495,9.495,,Top,18.99
2026-06-03,661,Wednesday,1,1.0,16.99,0.0,Sanctuary,Other,16.99
2026-06-03,661,Wednesday,1,1.0,7.495,7.495,,Top,14.99
2026-06-10,763,Wednesday,1,1.0,12.495,12.495,,Top,24.99
2026-06-10,763,Wednesday,1,1.0,24.99,0.0,Ann Taylor,Skirt,24.99
2026-06-10,764,Wednesday,1,1.0,28.99,0.0,,Accessories,28.99
2026-06-10,764,Wednesday,1,1.0,115.0,0.0,Karl Lagerfeld,Accessories,115.0
2026-06-10,764,Wednesday,1,1.0,19.5,19.5,,Dress,39.0
2026-06-10,764,Wednesday,1,1.0,129.99,0.0,,Jacket/Coat,129.99
2026-06-10,764,Wednesday,1,1.0,14.495,14.495,Adrianna Papell,Top,28.99
2026-06-10,765,Wednesday,1,1.0,49.99,0.0,,Shoes,49.99
2026-06-10,765,Wednesday,1,1.0,5.995,5.995,Patagonia,Shorts,11.99
2026-06-10,766,Wednesday,1,1.0,12.495,12.495,,Dress,24.99
2026-06-10,766,Wednesday,1,1.0,31.99,0.0,Inc,Dress,31.99
2026-06-10,766,Wednesday,1,1.0,38.99,0.0,Designal,Dress,38.99
2026-06-10,766,Wednesday,1,1.0,15.995,15.995,,Dress,31.99
2026-06-10,767,Wednesday,1,1.0,25.99,0.0,Woman Within,Top,25.99
2026-06-10,767,Wednesday,1,1.0,9.995,9.995,,Top,19.99
2026-06-10,768,Wednesday,1,1.0,39.99,0.0,,Other,39.99
2026-06-10,768,Wednesday,1,1.0,22.99,0.0,Jezebel,Top,22.99
2026-06-10,768,Wednesday,1,1.0,5.995,5.995,,Top,11.99
2026-06-10,768,Wednesday,1,1.0,27.99,0.0,,Other,27.99
2026-06-10,768,Wednesday,1,1.0,12.495,12.495,Loverocks,Top,24.99
2026-06-10,768,Wednesday,1,1.0,17.995,17.995,3 Suiesses Collection,Dress,35.99
2026-06-10,769,Wednesday,1,1.0,20.9925,6.9975,Jane & Delancy,Top,27.99
2026-06-10,770,Wednesday,1,1.0,25.99,0.0,,Top,25.99
2026-06-10,770,Wednesday,1,1.0,39.0,0.0,,Dress,39.0
2026-06-10,770,Wednesday,1,1.0,11.5,11.5,,Dress,23.0
2026-06-10,770,Wednesday,1,1.0,17.495,17.495,,Top,34.99
2026-06-10,771,Wednesday,1,1.0,14.995,14.995,Axyeh,Dress,29.99
2026-06-10,771,Wednesday,1,1.0,4.598,18.392,White House Black Market,Top,22.99
2026-06-10,771,Wednesday,1,1.0,7.198,28.792,Alberto Makali,Other,35.99
2026-06-10,772,Wednesday,1,1.0,12.495,12.495,Unknown,Romper/Jumpsuit,24.99
2026-06-10,772,Wednesday,1,1.0,29.99,0.0,Greylin,Dress,29.99
2026-06-10,773,Wednesday,1,1.0,12.0,12.0,,Jeans/Pants,24.0
2026-06-10,773,Wednesday,1,1.0,24.99,0.0,,Jeans/Pants,24.99
2026-06-10,774,Wednesday,1,1.0,21.99,0.0,,Top,21.99
2026-06-10,774,Wednesday,1,1.0,9.995,9.995,Vanity,Top,19.99
2026-06-10,774,Wednesday,1,1.0,27.99,0.0,,Top,27.99
2026-06-10,774,Wednesday,1,1.0,8.495,8.495,,Top,16.99
2026-06-17,826,Wednesday,0,1.0,11.99,0.0,,Top,11.99
2026-06-17,827,Wednesday,1,1.0,22.99,0.0,Blue Rain,Top,22.99
2026-06-17,827,Wednesday,1,1.0,9.495,9.495,,Top,18.99
2026-06-17,828,Wednesday,1,1.0,45.99,0.0,Unknown,Accessories,45.99
2026-06-17,828,Wednesday,1,1.0,11.995,11.995,Nine West,Jacket/Coat,23.99
2026-06-17,829,Wednesday,0,1.0,14.99,0.0,,Top,14.99
2026-06-17,830,Wednesday,1,1.0,9.995,9.995,,Dress,19.99
2026-06-17,830,Wednesday,1,1.0,27.99,0.0,Rock & Republic,Other,27.99
2026-06-17,831,Wednesday,0,1.0,23.99,0.0,,Top,23.99
2026-06-17,832,Wednesday,0,1.0,65.0,0.0,Frye,Shoes,65.0
2026-06-17,833,Wednesday,0,1.0,26.99,0.0,The Sak,Accessories,26.99
2026-06-24,878,Wednesday,1,1.0,23.99,0.0,Unknown,Top,23.99
2026-06-24,878,Wednesday,1,1.0,24.99,0.0,Gilla,Top,24.99
2026-06-24,878,Wednesday,1,1.0,9.995,9.995,Jealous Tomato,Other,19.99
2026-06-24,879,Wednesday,0,1.0,25.99,0.0,Chelsea Niles,Dress,25.99
2026-06-24,880,Wednesday,0,1.0,22.99,0.0,Unknown,Accessories,22.99
2026-06-24,880,Wednesday,0,1.0,35.99,0.0,Main Events,Shoes,35.99
2026-06-24,881,Wednesday,1,1.0,25.99,0.0,Monteau,Other,25.99
2026-06-24,881,Wednesday,1,1.0,7.495,7.495,,Top,14.99
2026-06-24,882,Wednesday,1,1.0,9.495,9.495,Zenana,Top,18.99
2026-06-24,882,Wednesday,1,1.0,10.995,10.995,M Usa,Top,21.99
2026-06-24,882,Wednesday,1,1.0,39.99,0.0,Newport News,Skirt,39.99
2026-06-24,882,Wednesday,1,1.0,21.99,0.0,Spense,Top,21.99
2026-06-24,883,Wednesday,1,1.0,39.0,0.0,,Dress,39.0
2026-06-24,883,Wednesday,1,1.0,15.995,15.995,Liangcai,Dress,31.99
2026-06-24,884,Wednesday,1,1.0,36.99,0.0,Dromedaris,Shoes,36.99
2026-06-24,884,Wednesday,1,1.0,9.5,9.5,Akira,Top,19.0
2026-06-24,884,Wednesday,1,1.0,24.99,0.0,Weerawat Vintage,Skirt,24.99
2026-06-24,884,Wednesday,1,1.0,11.495,11.495,Banana Republic,Shorts,22.99
2026-06-24,884,Wednesday,1,1.0,9.995,9.995,,Shorts,19.99
2026-06-24,884,Wednesday,1,1.0,10.995,10.995,,Top,21.99
2026-06-24,884,Wednesday,1,1.0,30.99,0.0,Express,Top,30.99
2026-06-24,884,Wednesday,1,1.0,39.99,0.0,Blush,Jeans/Pants,39.99
2026-06-24,884,Wednesday,1,1.0,23.99,0.0,,Top,23.99
2026-06-24,885,Wednesday,0,1.0,20.0,0.0,,Skirt,20.0
2026-06-24,886,Wednesday,1,1.0,22.99,0.0,Edikted,Skirt,22.99
2026-06-24,886,Wednesday,1,1.0,8.995,8.995,Unknown,Top,17.99
2026-06-24,886,Wednesday,1,1.0,9.995,9.995,One Step Up,Dress,19.99
2026-06-24,886,Wednesday,1,1.0,19.99,0.0,Whispers,Other,19.99
2026-06-24,886,Wednesday,1,1.0,32.99,0.0,,Other,32.99
2026-06-24,886,Wednesday,1,1.0,12.995,12.995,Izod,Other,25.99
2026-06-24,886,Wednesday,1,1.0,11.995,11.995,,Top,23.99
2026-06-24,887,Wednesday,1,1.0,19.99,0.0,,Dress,19.99
2026-06-24,887,Wednesday,1,1.0,17.99,0.0,Thirty Thirty,Other,17.99
2026-06-24,887,Wednesday,1,1.0,5.995,5.995,Banana Republic,Top,11.99
2026-06-24,888,Wednesday,0,1.0,39.99,0.0,,Dress,39.99
2026-06-24,889,Wednesday,1,1.0,32.99,0.0,Laundry by Shelli Segal,Romper/Jumpsuit,32.99
2026-06-24,889,Wednesday,1,1.0,8.995,8.995,,Top,17.99
2026-06-24,889,Wednesday,1,1.0,6.495,6.495,,Top,12.99
2026-06-24,889,Wednesday,1,1.0,25.99,0.0,Blue Rain,Top,25.99
2026-06-24,889,Wednesday,1,1.0,42.99,0.0,Unknown,Accessories,42.99
2026-06-24,889,Wednesday,1,1.0,13.995,13.995,White House Black Market,Dress,27.99
