brand_name,product_category,units_sold,total_revenue,avg_retail_price,transactions
Coach,Accessories,21,4590.99,225.76,20
Unknown,Top,180,3811.95,21.99,154
Unknown,Dress,83,2502.82,30.99,76
Unknown,Other,56,1805.25,33.66,51
Unknown,Accessories,71,1612.82,22.74,64
Unknown,Accessories,33,1164.74,35.3,31
Unknown,Jacket/Coat,15,962.89,64.19,15
Unknown,Top,48,920.53,19.37,47
Unknown,Dress,22,916.29,42.17,19
Desigual,Jacket/Coat,6,810.98,135.16,6
Unknown,Skirt,22,528.83,24.04,22
Unknown,Shoes,9,501.92,55.77,8
Unknown,Other,22,465.79,21.17,22
Unknown,Jeans/Pants,17,411.87,24.93,15
Chloe,Accessories,1,299.0,299.0,1
Boldrini Selleria,Accessories,1,250.0,250.0,1
Unknown,Sweater/Cardigan,10,239.93,23.99,10
Unknown,Skirt,9,232.91,27.1,9
1883 by Luccheen,Shoes,1,224.99,224.99,1
Zara,Top,9,207.91,23.1,9
Harley Davidson,Top,8,206.92,25.86,7
Coach,Other,1,195.0,195.0,1
Talbots,Top,8,193.92,24.24,8
Persaman,Skirt,5,181.95,36.39,4
Lauren Ralph Lauren,Accessories,2,173.99,87.0,2
Banana Republic,Dress,7,172.93,24.7,6
Desigual,Jeans/Pants,2,171.98,85.99,2
Zara,Dress,7,167.93,23.99,7
Stella & Dot,Accessories,6,166.94,27.82,6
Banana Republic,Top,8,165.92,21.49,8
Desigual,Dress,4,163.96,40.99,4
Altar'd State,Top,8,156.92,19.61,8
Harley Davidson,Shoes,2,155.98,77.99,2
Louis Vuitton,Top,1,150.0,150.0,1
Polo Ralph Lauren,Jacket/Coat,1,150.0,150.0,1
Rafe Designer,Accessories,1,150.0,150.0,1
Timmy Woods,Accessories,1,150.0,150.0,1
Shyanne,Shoes,1,145.99,145.99,1
Unknown,Shorts,7,140.94,21.56,7
J.Crew,Skirt,6,139.95,23.32,6
Vero Cuoio,Shoes,1,135.99,135.99,1
Desigual,Skirt,3,135.97,45.32,3
Unknown,Jeans/Pants,5,135.95,27.19,5
Ann Taylor,Top,6,135.94,22.66,6
Farm Rio,Dress,1,135.0,135.0,1
Fossil,Top,3,134.98,44.99,3
Badgley Mischka,Dress,1,125.99,125.99,1
White House Black Market,Top,6,125.55,23.99,6
Desigual,Shoes,1,125.0,125.0,1
Express,Top,6,122.94,20.49,6
The Sak,Accessories,4,121.96,30.49,4
Democracy,Jeans/Pants,3,118.97,39.66,2
Karl Lagerfeld,Accessories,1,115.0,115.0,1
Free People,Top,5,114.96,22.99,5
Chico's,Jeans/Pants,2,111.98,55.99,2
Loft,Skirt,4,96.96,24.24,4
Ariat,Shoes,1,94.99,94.99,1
Banana Republic,Jeans/Pants,3,92.97,30.99,3
Unknown,Sweater/Cardigan,4,91.96,22.99,4
Unknown,Shoes,1,90.99,90.99,1
Circle G,Shoes,1,89.99,89.99,1
J.Crew,Dress,3,89.97,29.99,3
Urban Outfitters,Top,4,89.96,22.49,4
Unknown,Shorts,2,87.98,43.99,2
Lucky Brand,Top,5,87.95,17.59,5
Michael Kors,Top,1,85.99,85.99,1
Pecos Bill,Shoes,1,85.99,85.99,1
Sam Edelman,Shoes,2,85.98,42.99,2
J.Crew,Top,4,85.96,21.49,4
White House Black Market,Skirt,3,83.97,27.99,2
Free People,Skirt,3,80.97,26.99,3
Corral Boots,Shoes,1,79.99,79.99,1
Anthropologie,Top,2,79.98,39.99,2
Calvin Klein,Top,3,79.97,26.66,3
Unknown,Romper/Jumpsuit,3,77.97,25.99,2
Nicole Miller,Top,3,76.97,25.66,3
B. Darlin,Dress,1,75.99,75.99,1
Club 515,Dress,1,75.99,75.99,1
Marques Almeda,Top,1,75.99,75.99,1
Pamela Ferrari,Skirt,1,75.99,75.99,1
Reformation,Top,1,75.99,75.99,1
Tory Burch,Top,1,75.99,75.99,1
Guess,Top,2,75.98,37.99,2
Unknown,,3,75.0,,3
Bechamel,Accessories,1,75.0,75.0,1
Isabel of Saks Fifth Avenue,Sweater/Cardigan,1,74.99,74.99,1
Chico's,Accessories,4,74.96,18.74,4
Levi Strauss & Co,Shorts,3,72.97,24.32,3
Justin Boots,Shoes,1,70.0,70.0,1
Laredo,Shoes,1,70.0,70.0,1
12th Tribe,Jacket/Coat,1,69.99,69.99,1
Sanctuary,Romper/Jumpsuit,1,69.99,69.99,1
Patricia Nash,Accessories,1,68.99,68.99,1
Talbots,Skirt,3,68.97,22.99,3
Lulus,Top,3,66.98,22.33,3
BCBG Maxazria,Top,3,66.97,22.32,3
Doncaster Collection,Jacket/Coat,1,65.99,65.99,1
Revlon,Other,2,65.99,33.0,2
Loft,Top,4,65.96,16.49,4
Frye,Shoes,1,65.0,65.0,1
American West,Accessories,1,64.99,64.99,1
Duckhead,Jeans/Pants,1,64.99,64.99,1
Mi iM,Shoes,1,64.99,64.99,1
Nine West,Jacket/Coat,3,64.97,25.66,3
BCBG Maxazria,Dress,2,63.98,31.99,2
Loft,Sweater/Cardigan,3,63.97,21.32,3
City Triangles,Dress,2,62.98,31.49,2
Victoria's Secret,Top,2,61.98,30.99,2
Storia,Dress,2,60.98,30.49,2
Freyrs,Top,2,60.0,30.0,2
AW Bridal,Dress,1,59.99,59.99,1
Bogart of Texas,Set,1,59.99,59.99,1
JS Collection,Dress,1,59.99,59.99,1
Paddle & Saddle,Romper/Jumpsuit,1,59.99,59.99,1
Tory Burch,Accessories,1,59.99,59.99,1
Tahari,Top,3,59.97,19.99,3
Old Navy,Top,4,59.96,14.99,4
Guess,Shorts,1,58.99,58.99,1
White House Black Market,Dress,3,58.97,24.32,3
Lauren Ralph Lauren,Top,2,57.98,28.99,2
Nanette Lepore,Skirt,2,57.98,28.99,2
Abercrombie & Fitch,Sweater/Cardigan,2,56.98,28.49,2
Johnny Was,Dress,1,55.99,55.99,1
Manolo Blahnik,Top,1,55.99,55.99,1
Mystree,Sweater/Cardigan,1,55.99,55.99,1
Thml,Other,1,55.99,55.99,1
Urban Outfitters,Dress,2,55.98,27.99,2
Ameri Leather,Accessories,1,55.0,55.0,1
Oasis,Top,1,54.99,54.99,1
Altar'd State,Shorts,2,54.98,27.49,2
London Times,Dress,2,52.98,26.49,2
Maeve,Top,2,52.98,26.49,2
Nine West,Jeans/Pants,2,52.98,26.49,2
Ann Taylor,Dress,2,51.98,25.99,2
Brighton,Accessories,2,51.98,25.99,2
Gap,Top,2,51.98,25.99,2
Doe & Rae,Top,2,50.98,25.49,2
Max Studio,Dress,2,50.98,25.49,2
Casa Lee,Top,2,50.0,25.0,1
Mary Frances,Other,1,50.0,50.0,1
Patricia Nash,Other,1,50.0,50.0,1
Aureum,Shorts,1,49.99,49.99,1
Bc,Jacket/Coat,1,49.99,49.99,1
Born,Shoes,1,49.99,49.99,1
Chico's,Jacket/Coat,1,49.99,49.99,1
Deep Self,Dress,1,49.99,49.99,1
House of Harlow 1960,Dress,1,49.99,49.99,1
Magica,Set,1,49.99,49.99,1
Ann Taylor,Skirt,2,49.98,24.99,2
Express,Jacket/Coat,2,49.98,24.99,2
Jane & Delancy,Top,2,49.98,28.49,2
Loft,Dress,2,49.98,24.99,2
Urban Outfitters,Skirt,2,49.98,24.99,2
Maniere De Voir,Other,1,48.99,48.99,1
Blue Rain,Top,2,48.98,24.49,2
Cabi,Top,2,48.98,24.49,2
Maggy London,Dress,2,48.98,24.49,2
Bisou Bisou,Accessories,1,46.99,46.99,1
Style U,Top,2,46.0,23.0,2
Akira,Shoes,1,45.99,45.99,1
Armani Exchange,Dress,1,45.99,45.99,1
Carolina Belle,Jacket/Coat,1,45.99,45.99,1
Cio,Accessories,1,45.99,45.99,1
Claudia Strater,Dress,1,45.99,45.99,1
Draper James,Dress,1,45.99,45.99,1
Elana Kattau,Romper/Jumpsuit,1,45.99,45.99,1
Isaac Mizrahi,Dress,1,45.99,45.99,1
Lilly Pulitzer,Dress,1,45.99,45.99,1
Markay,Accessories,1,45.99,45.99,1
Persaman,Jacket/Coat,1,45.99,45.99,1
Saintart,Jeans/Pants,1,45.99,45.99,1
Vertigo,Top,1,45.99,45.99,1
Arizona Jean Co,Skirt,2,45.98,22.99,2
Nine West,Other,2,45.98,22.99,2
Sadie & Sage,Top,2,45.98,22.99,2
Tahari,Other,2,45.98,22.99,2
Mac & Jac,Jacket/Coat,1,45.0,45.0,1
Saks 5Th Ave,Other,1,45.0,45.0,1
Nicole Lee,Accessories,1,44.99,44.99,1
Origami,Shorts,1,44.99,44.99,1
Persaman,Sweater/Cardigan,1,44.99,44.99,1
J.Crew,Other,2,44.98,22.49,2
Pink Floyd,Top,2,44.98,22.49,2
Nautica,Top,2,43.98,21.99,2
Skies are Blue,Other,2,43.98,21.99,2
The Limited,Other,2,43.98,21.99,2
Unknown,Set,2,43.98,21.99,2
Abel the Label,Dress,1,42.99,42.99,1
Bke,Accessories,1,42.99,42.99,1
Dorset,Set,1,42.99,42.99,1
Kourt,Dress,1,42.99,42.99,1
Louisa Spagnoli,Top,1,42.99,42.99,1
Kenneth Cole,Accessories,2,42.98,21.49,1
Adrianna Papell,Top,2,42.48,28.49,2
Banana Republic,Other,2,41.98,20.99,2
The Limited,Dress,2,41.98,20.99,2
Calvin Klein,Accessories,2,40.98,20.49,2
Heart Soul,Top,2,40.98,20.49,2
New In,Skirt,2,40.98,20.49,2
Sears,Other,2,40.98,20.49,2
Ann Taylor,Jacket/Coat,1,39.99,39.99,1
Blush,Jeans/Pants,1,39.99,39.99,1
Chetta B,Dress,1,39.99,39.99,1
Colebrook,Jacket/Coat,1,39.99,39.99,1
Collage,Other,1,39.99,39.99,1
Cristina,Jacket/Coat,1,39.99,39.99,1
Fleur,Accessories,1,39.99,39.99,1
JR Bazaar,Skirt,1,39.99,39.99,1
JR Nites,Other,1,39.99,39.99,1
La Canadienne,Shoes,1,39.99,39.99,1
Lauren Ralph Lauren,Skirt,1,39.99,39.99,1
Lily,Top,1,39.99,39.99,1
Mardini,Top,1,39.99,39.99,1
MinkPink,Dress,1,39.99,39.99,1
Newport News,Skirt,1,39.99,39.99,1
P&S,Skirt,1,39.99,39.99,1
Rock & Republic,Jeans/Pants,1,39.99,39.99,1
Abercrombie & Fitch,Top,2,39.98,19.99,2
Betsey Johnson,Accessories,1,38.99,38.99,1
Designal,Dress,1,38.99,38.99,1
Shoreline,Dress,1,38.99,38.99,1
Avon,Accessories,2,38.98,19.49,2
Loft,Other,2,38.98,19.49,2
Patagonia,Shorts,3,38.98,14.99,3
St. John's Bay,Top,2,38.98,19.49,2
B. Right,Dress,1,37.99,37.99,1
Free People,Dress,1,37.99,37.99,1
M.J. Soffe,Other,1,37.99,37.99,1
7 For All Mankind,Jeans/Pants,1,36.99,36.99,1
Draper James,Top,1,36.99,36.99,1
Dromedaris,Shoes,1,36.99,36.99,1
Lanz Vintage,Dress,1,36.99,36.99,1
Zara,Jeans/Pants,1,36.99,36.99,1
Coca Cola,Top,2,36.98,18.49,2
Allegria,Other,1,35.99,35.99,1
Anthropologie,Skirt,1,35.99,35.99,1
Baccini,Jeans/Pants,1,35.99,35.99,1
Banana Boat,Dress,1,35.99,35.99,1
Boohoo,Dress,1,35.99,35.99,1
Buckle,Accessories,1,35.99,35.99,1
Charles Jourdan,Top,1,35.99,35.99,1
Cloth & Stone,Romper/Jumpsuit,1,35.99,35.99,1
Courtenay Vintage,Jacket/Coat,1,35.99,35.99,1
Ed Hardy,Top,1,35.99,35.99,1
J.Crew,Sweater/Cardigan,1,35.99,35.99,1
Kut,Jeans/Pants,1,35.99,35.99,1
Main Events,Shoes,1,35.99,35.99,1
Maria Jose Navarro,Top,1,35.99,35.99,1
Paper Doll,Other,1,35.99,35.99,1
Paper Lacer,Top,1,35.99,35.99,1
Ralph Lauren Sport,Top,1,35.99,35.99,1
Saks 5Th Ave,Dress,1,35.99,35.99,1
Sarah Coventry,Accessories,1,35.99,35.99,1
Traffic People,Top,1,35.99,35.99,1
Vol. 1,Top,1,35.99,35.99,1
West 36th,Skirt,1,35.99,35.99,1
Inc,Top,2,35.98,17.99,2
Alpine,Jeans/Pants,1,34.99,34.99,1
Armani,Top,1,34.99,34.99,1
Covington,Jacket/Coat,1,34.99,34.99,1
Flying Tomato,Dress,1,34.99,34.99,1
J Brand,Jeans/Pants,1,34.99,34.99,1
Jessica Simpson,Sweater/Cardigan,1,34.99,34.99,1
Lysse New York,Jeans/Pants,1,34.99,34.99,1
Madewell,Dress,1,34.99,34.99,1
Nina,Top,1,34.99,34.99,1
Blue Blush,Dress,2,34.98,17.49,2
Frederick's of Hollywood,Other,1,33.99,33.99,1
House of Harlow 1960,Top,1,33.99,33.99,1
JouJou,Jacket/Coat,1,33.99,33.99,1
Maeve,Skirt,1,33.99,33.99,1
Mina Self,Top,1,33.99,33.99,1
Moon Collection,Dress,1,33.99,33.99,1
Sigrid Olsen,Jeans/Pants,1,33.99,33.99,1
Zesica,Dress,1,33.99,33.99,1
Russel,Top,2,33.98,16.99,2
The Rolling Stones,Top,2,33.98,16.99,2
Anna Sui,Skirt,1,33.0,33.0,1
Amo,Top,1,32.99,32.99,1
Angel Biba,Dress,1,32.99,32.99,1
Armani,Dress,1,32.99,32.99,1
Astr,Dress,1,32.99,32.99,1
Ave Maria,Top,1,32.99,32.99,1
Brooks Brothers,Skirt,1,32.99,32.99,1
Christopher & Banks,Top,1,32.99,32.99,1
Clarks,Shoes,1,32.99,32.99,1
Coast,Top,1,32.99,32.99,1
Crisis,Other,1,32.99,32.99,1
Delia's,Dress,1,32.99,32.99,1
Depeche Mode,Top,1,32.99,32.99,1
Doreman Pacific Co.,Accessories,1,32.99,32.99,1
Draper James,Skirt,1,32.99,32.99,1
Etwo,Top,1,32.99,32.99,1
Harley Davidson,Jacket/Coat,1,32.99,32.99,1
Harper Heritage,Jacket/Coat,1,32.99,32.99,1
Highway Jeans,Skirt,1,32.99,32.99,1
Hollister,Jacket/Coat,1,32.99,32.99,1
Ixee,Dress,1,32.99,32.99,1
Judy Blue Los Angeles,Jeans/Pants,1,32.99,32.99,1
Kings Road,Other,1,32.99,32.99,1
Laundry by Shelli Segal,Romper/Jumpsuit,1,32.99,32.99,1
Laxman Collection,Other,1,32.99,32.99,1
Lisette,Jeans/Pants,1,32.99,32.99,1
Maeve,Dress,1,32.99,32.99,1
Majora,Romper/Jumpsuit,1,32.99,32.99,1
Mannerism,Jeans/Pants,1,32.99,32.99,1
Mona Mode,Top,1,32.99,32.99,1
Motivi,Jacket/Coat,1,32.99,32.99,1
Pistola,Jeans/Pants,1,32.99,32.99,1
R & K,Jeans/Pants,1,32.99,32.99,1
Resa,Dress,1,32.99,32.99,1
Scotch & Soda,Sweater/Cardigan,1,32.99,32.99,1
See You Monday,Top,1,32.99,32.99,1
Sensation,Dress,1,32.99,32.99,1
So,Other,1,32.99,32.99,1
Thya Los Angeles,Dress,1,32.99,32.99,1
Zayre,Top,1,32.99,32.99,1
Andree,Top,1,31.99,31.99,1
Evan-Picone,Dress,1,31.99,31.99,1
Inc,Dress,1,31.99,31.99,1
Lapis,Dress,1,31.99,31.99,1
Loveriche,Dress,1,31.99,31.99,1
Maria Bonita,Dress,1,31.99,31.99,1
Mountain Hardware,Skirt,1,31.99,31.99,1
Eyeshadow,Top,2,31.98,15.99,2
Nanette Lepore,Top,2,31.98,15.99,2
Wild Fable,Top,3,31.97,10.66,2
Taylor Investments,Other,1,30.99,30.99,1
Divided,Top,2,30.98,15.49,2
Old Navy,Jeans/Pants,2,30.98,15.49,2
Caleaas,Jacket/Coat,1,30.0,30.0,1
Authentic Hendrix,Top,1,29.99,29.99,1
Bar III,Skirt,1,29.99,29.99,1
Blu Pepper,Sweater/Cardigan,1,29.99,29.99,1
Brooks Brothers,Dress,1,29.99,29.99,1
Citizens of Humanity,Jeans/Pants,1,29.99,29.99,1
Cloth & Stone,Dress,1,29.99,29.99,1
Comfortiva,Top,1,29.99,29.99,1
Cupcakes&Cashews,Jacket/Coat,1,29.99,29.99,1
Entro,Skirt,1,29.99,29.99,1
Greylin,Dress,1,29.99,29.99,1
Griffen,Sweater/Cardigan,1,29.99,29.99,1
Her Entire Name Says Grace,Romper/Jumpsuit,1,29.99,29.99,1
Judith March,Skirt,1,29.99,29.99,1
JustFab,Top,1,29.99,29.99,1
L'Artiste,Top,1,29.99,29.99,1
Lydia,Set,1,29.99,29.99,1
Madewell,Shoes,1,29.99,29.99,1
Madewell,Skirt,1,29.99,29.99,1
Marilyn Monroe,Set,1,29.99,29.99,1
Paani,Dress,1,29.99,29.99,1
Paul McCartney,Top,1,29.99,29.99,1
Rag & Bone,Top,1,29.99,29.99,1
Rustler,Shorts,1,29.99,29.99,1
Von Dutch,Accessories,1,29.99,29.99,1
WhiteRoom & Cactus,Jacket/Coat,1,29.99,29.99,1
Wit & Wisdom,Jeans/Pants,1,29.99,29.99,1
Eunina,Shorts,2,29.98,14.99,2
&Merci,Top,1,28.99,28.99,1
Akira,Other,1,28.99,28.99,1
Ammo,Top,1,28.99,28.99,1
Ann Taylor,Jeans/Pants,1,28.99,28.99,1
Asos Design,Skirt,1,28.99,28.99,1
Ava James,Top,1,28.99,28.99,1
Avenue,Skirt,1,28.99,28.99,1
Banana Republic,Sweater/Cardigan,1,28.99,28.99,1
Bershka,Jacket/Coat,1,28.99,28.99,1
Charlotte Russe,Skirt,1,28.99,28.99,1
Cole Haan,Shoes,1,28.99,28.99,1
Dialogue,Other,1,28.99,28.99,1
Flying Tomato,Jeans/Pants,1,28.99,28.99,1
Fore,Top,1,28.99,28.99,1
Fossil,Dress,1,28.99,28.99,1
French Connection,Dress,1,28.99,28.99,1
GTW Urban,Dress,1,28.99,28.99,1
Kim Rogers,Top,1,28.99,28.99,1
Lauren Ralph Lauren,Jeans/Pants,1,28.99,28.99,1
Levi'S,Jeans/Pants,1,28.99,28.99,1
Lila Rose,Dress,1,28.99,28.99,1
Miss Me,Skirt,1,28.99,28.99,1
Moda,Other,1,28.99,28.99,1
Schutz,Shoes,1,28.99,28.99,1
Vici,Top,1,28.99,28.99,1
studio I,Top,1,28.99,28.99,1
Liz Claiborne,Accessories,2,28.98,14.49,2
Alfani,Dress,1,27.99,27.99,1
Bisou Bisou,Top,1,27.99,27.99,1
Blush,Other,1,27.99,27.99,1
Delicates,Top,1,27.99,27.99,1
Diane Gilman,Jeans/Pants,1,27.99,27.99,1
JM Collection,Skirt,1,27.99,27.99,1
Julia,Top,1,27.99,27.99,1
Karen Scott,Skirt,1,27.99,27.99,1
Kori America,Dress,1,27.99,27.99,1
Lena Gabrielle,Jacket/Coat,1,27.99,27.99,1
Lili Sidonio,Top,1,27.99,27.99,1
Lyn Burcher,Top,1,27.99,27.99,1
Madden Girl,Top,1,27.99,27.99,1
Pilcro,Jeans/Pants,1,27.99,27.99,1
Rock & Republic,Other,1,27.99,27.99,1
Sasson,Dress,1,27.99,27.99,1
She's Cool,Dress,1,27.99,27.99,1
Signature,Dress,1,27.99,27.99,1
Sincerely Jules,Dress,1,27.99,27.99,1
Sincerely Jules,Sweater/Cardigan,1,27.99,27.99,1
Trixxi,Dress,1,27.99,27.99,1
Umgee,Romper/Jumpsuit,1,27.99,27.99,1
Xxz,Dress,1,27.99,27.99,1
Nanette Lepore,Other,2,27.98,13.99,2
Unknown,Romper/Jumpsuit,2,27.48,19.99,2
Alexandria Bartlett,Other,1,26.99,26.99,1
Athleta,Skirt,1,26.99,26.99,1
Bailey Rose,Jeans/Pants,1,26.99,26.99,1
Casual Corner,Skirt,1,26.99,26.99,1
Christian Siriano,Top,1,26.99,26.99,1
Essence,Skirt,1,26.99,26.99,1
Fantastic Fawn,Dress,1,26.99,26.99,1
Free People,Other,1,26.99,26.99,1
Gigio USA,Top,1,26.99,26.99,1
Hyfve,Top,1,26.99,26.99,1
Kim Rogers,Skirt,1,26.99,26.99,1
L.S. Dunes,Top,1,26.99,26.99,1
Massimo Fabbro,Jeans/Pants,1,26.99,26.99,1
Nicfazy,Dress,1,26.99,26.99,1
Paper Crane,Top,1,26.99,26.99,1
Petra Fashions,Top,1,26.99,26.99,1
Thadia Sodi,Skirt,1,26.99,26.99,1
Travelers,Top,1,26.99,26.99,1
A Beautiful Soul,Dress,1,25.99,25.99,1
Aerosoles,Shoes,1,25.99,25.99,1
Allison Taylor,Dress,1,25.99,25.99,1
Altar'd State,Dress,1,25.99,25.99,1
Angie,Top,1,25.99,25.99,1
Bamboo Traders,Skirt,1,25.99,25.99,1
Band of the Free,Dress,1,25.99,25.99,1
Billabong,Top,1,25.99,25.99,1
Blu Pepper,Set,1,25.99,25.99,1
Bodin Kits,Sweater/Cardigan,1,25.99,25.99,1
Bruce Lee,Accessories,1,25.99,25.99,1
Canyon River Blues,Top,1,25.99,25.99,1
Caramela,Other,1,25.99,25.99,1
Chalet,Jacket/Coat,1,25.99,25.99,1
Chelsea Niles,Dress,1,25.99,25.99,1
Coldwater Creek,Skirt,1,25.99,25.99,1
Coldwater Creek,Top,1,25.99,25.99,1
Cosmic Aura,Other,1,25.99,25.99,1
Dolce Vita,Shoes,1,25.99,25.99,1
Ellcont,Dress,1,25.99,25.99,1
Goodclothes,Sweater/Cardigan,1,25.99,25.99,1
Guess,Dress,1,25.99,25.99,1
Hanna Gracie,Skirt,1,25.99,25.99,1
JKLA California,Other,1,25.99,25.99,1
JS Signature,Skirt,1,25.99,25.99,1
Jaipur,Top,1,25.99,25.99,1
Jen 7,Jeans/Pants,1,25.99,25.99,1
Johnny Was,Accessories,1,25.99,25.99,1
Joie,Top,1,25.99,25.99,1
K Too,Skirt,1,25.99,25.99,1
Karlie,Dress,1,25.99,25.99,1
Kenzie,Dress,1,25.99,25.99,1
Kimchi Blue,Top,1,25.99,25.99,1
Laura Ashley,Other,1,25.99,25.99,1
Linda Anderson,Dress,1,25.99,25.99,1
Loveriche,Skirt,1,25.99,25.99,1
Madison,Sweater/Cardigan,1,25.99,25.99,1
Marks & Spencer,Top,1,25.99,25.99,1
Maverick,Jeans/Pants,1,25.99,25.99,1
Michael Kors,Dress,1,25.99,25.99,1
Mlle Gabrielle,Dress,1,25.99,25.99,1
Monteau,Other,1,25.99,25.99,1
Moon & Madison,Sweater/Cardigan,1,25.99,25.99,1
Nautica,Shoes,1,25.99,25.99,1
Newbury Kustom,Top,1,25.99,25.99,1
Pink Kigi,Top,1,25.99,25.99,1
Rebekah,Other,1,25.99,25.99,1
Recycled Karma,Top,1,25.99,25.99,1
Street One,Skirt,1,25.99,25.99,1
Town & Country,Accessories,1,25.99,25.99,1
Truth,Dress,1,25.99,25.99,1
U.A.,Top,1,25.99,25.99,1
V Italia,Top,1,25.99,25.99,1
White House Black Market,Other,1,25.99,25.99,1
White House Black Market,Set,1,25.99,25.99,1
Woman Within,Top,1,25.99,25.99,1
Xoxo,Top,1,25.99,25.99,1
Zara,Sweater/Cardigan,1,25.99,25.99,1
Zara,Other,2,25.98,12.99,2
Annex,Accessories,1,25.0,25.0,1
Fate,Dress,1,25.0,25.0,1
Marled,Jacket/Coat,1,25.0,25.0,1
Self Contrast,Top,1,25.0,25.0,1
Wu-Tang,Top,1,25.0,25.0,1
Alexis Bitlar,Accessories,1,24.99,24.99,1
American Eagle,Set,1,24.99,24.99,1
Arden B,Sweater/Cardigan,1,24.99,24.99,1
Asos Design,Dress,1,24.99,24.99,1
Athleta,Jeans/Pants,1,24.99,24.99,1
Audrey Talbott,Top,1,24.99,24.99,1
August Silk,Other,1,24.99,24.99,1
Ayla,Top,1,24.99,24.99,1
BCBG Maxazria,Other,1,24.99,24.99,1
BCBG Maxazria,Sweater/Cardigan,1,24.99,24.99,1
Bailey 44,Top,1,24.99,24.99,1
Bailey Blue,Top,1,24.99,24.99,1
Bandolino,Jacket/Coat,1,24.99,24.99,1
Bernardo,Skirt,1,24.99,24.99,1
Betsy Lauren,Jacket/Coat,1,24.99,24.99,1
Bluebell,Dress,1,24.99,24.99,1
Bryn Walker,Other,1,24.99,24.99,1
Cal Style,Skirt,1,24.99,24.99,1
Chelsea & Theodore,Top,1,24.99,24.99,1
Cinema Etoile,Other,1,24.99,24.99,1
Clockhouse,Top,1,24.99,24.99,1
Colesce Couture,Other,1,24.99,24.99,1
Collectif,Top,1,24.99,24.99,1
Cynthia Rowley,Jeans/Pants,1,24.99,24.99,1
Dana Buchman,Skirt,1,24.99,24.99,1
Easel,Top,1,24.99,24.99,1
Elgin American,Other,1,24.99,24.99,1
Em,Top,1,24.99,24.99,1
Emma James,Skirt,1,24.99,24.99,1
Eri & All,Other,1,24.99,24.99,1
Exclusive,Other,1,24.99,24.99,1
Expressions Plus,Top,1,24.99,24.99,1
Finity Naturals,Skirt,1,24.99,24.99,1
First Glance,Top,1,24.99,24.99,1
Francesca's,Sweater/Cardigan,1,24.99,24.99,1
Gilla,Top,1,24.99,24.99,1
Grace Karin,Top,1,24.99,24.99,1
In Bloom,Top,1,24.99,24.99,1
Intuitions,Top,1,24.99,24.99,1
J & X,Accessories,1,24.99,24.99,1
J.Crew,Shoes,1,24.99,24.99,1
Jones New York,Dress,1,24.99,24.99,1
Kensie,Dress,1,24.99,24.99,1
Kim Rogers,Dress,1,24.99,24.99,1
La Sensa,Top,1,24.99,24.99,1
Lili Sidonio,Skirt,1,24.99,24.99,1
Lilly Pulitzer,Top,1,24.99,24.99,1
Liz Claiborne,Dress,1,24.99,24.99,1
Liz Claiborne,Skirt,1,24.99,24.99,1
Lulus,Dress,1,24.99,24.99,1
Lulus,Set,1,24.99,24.99,1
Lush,Top,1,24.99,24.99,1
Mable,Top,1,24.99,24.99,1
Madison & Berkeley,Top,1,24.99,24.99,1
Maison d' Amelie,Top,1,24.99,24.99,1
Mariella Burani,Other,1,24.99,24.99,1
Mondessa,Top,1,24.99,24.99,1
More To Come,Other,1,24.99,24.99,1
Natural Life,Top,1,24.99,24.99,1
Nellie Parton,Other,1,24.99,24.99,1
Next,Top,1,24.99,24.99,1
Nubile Jeans,Skirt,1,24.99,24.99,1
ODM Premium Goods,Top,1,24.99,24.99,1
One Secret,Other,1,24.99,24.99,1
Pamela Stewart,Other,1,24.99,24.99,1
Patrons of Peace,Top,1,24.99,24.99,1
Peter Carol,Sweater/Cardigan,1,24.99,24.99,1
Philosophy,Dress,1,24.99,24.99,1
Pink Lily,Dress,1,24.99,24.99,1
Pink Lily,Skirt,1,24.99,24.99,1
Pinque,Sweater/Cardigan,1,24.99,24.99,1
Plenty,Dress,1,24.99,24.99,1
Primark,Top,1,24.99,24.99,1
Refuge Denim,Jeans/Pants,1,24.99,24.99,1
Reiss,Top,1,24.99,24.99,1
Rickie Freeman,Dress,1,24.99,24.99,1
Serengeti,Top,1,24.99,24.99,1
Sid & Sandy,Top,1,24.99,24.99,1
Skims,Top,1,24.99,24.99,1
Solitaire,Skirt,1,24.99,24.99,1
Stylus,Dress,1,24.99,24.99,1
T by Talbots,Top,1,24.99,24.99,1
Talbots,Set,1,24.99,24.99,1
The Collection Royal,Top,1,24.99,24.99,1
Torrid,Skirt,1,24.99,24.99,1
Urban Outfitters,Other,1,24.99,24.99,1
Vici,Dress,1,24.99,24.99,1
Weerawat Vintage,Skirt,1,24.99,24.99,1
Willi Smith,Skirt,1,24.99,24.99,1
fp Movement,Top,1,24.99,24.99,1
by JJ,Top,1,24.0,24.0,1
Alfred Dunner,Sweater/Cardigan,1,23.99,23.99,1
Billabong,Dress,1,23.99,23.99,1
Billabong,Skirt,1,23.99,23.99,1
Fabrik,Dress,1,23.99,23.99,1
Freemarket,Top,1,23.99,23.99,1
Ilaria,Top,1,23.99,23.99,1
Johnny Martin,Dress,1,23.99,23.99,1
Karessah,Top,1,23.99,23.99,1
LA Gypsy,Jeans/Pants,1,23.99,23.99,1
LIV Los Angeles,Top,1,23.99,23.99,1
Miss Dorby,Jacket/Coat,1,23.99,23.99,1
Parkhurst,Top,1,23.99,23.99,1
Voila,Romper/Jumpsuit,1,23.99,23.99,1
Wallflower Vintage Collection,Jacket/Coat,1,23.99,23.99,1
Foxblood,Dress,1,23.0,23.0,1
Alma-Mater Collection,Other,1,22.99,22.99,1
Altar'd State,Skirt,1,22.99,22.99,1
Banana Republic,Accessories,1,22.99,22.99,1
Bebe,Top,1,22.99,22.99,1
Blu Pepper,Other,1,22.99,22.99,1
Blu Pepper,Top,1,22.99,22.99,1
Chinese Laundry,Other,1,22.99,22.99,1
Cloth & Stone,Top,1,22.99,22.99,1
Cynthia Rowley,Dress,1,22.99,22.99,1
Dkny,Top,1,22.99,22.99,1
Edikted,Skirt,1,22.99,22.99,1
Express,Dress,1,22.99,22.99,1
Express,Romper/Jumpsuit,1,22.99,22.99,1
Express Bleus,Sweater/Cardigan,1,22.99,22.99,1
Garage,Other,1,22.99,22.99,1
Gibson,Other,1,22.99,22.99,1
Gypsies & Moondust,Top,1,22.99,22.99,1
Hem & Thread,Top,1,22.99,22.99,1
Indulge in Style,Other,1,22.99,22.99,1
J. Gee,Dress,1,22.99,22.99,1
Jane Ashley,Other,1,22.99,22.99,1
Jason Maxwell,Other,1,22.99,22.99,1
Jezebel,Top,1,22.99,22.99,1
Juicy Couture,Other,1,22.99,22.99,1
Jun & Ivy,Top,1,22.99,22.99,1
Just G,Shorts,1,22.99,22.99,1
La Mode,Sweater/Cardigan,1,22.99,22.99,1
Lands End,Jacket/Coat,1,22.99,22.99,1
Liz Claiborne,Top,1,22.99,22.99,1
Marino Orlandi,Accessories,1,22.99,22.99,1
Maurizio Taiuti,Accessories,1,22.99,22.99,1
Melloday,Top,1,22.99,22.99,1
Melody,Skirt,1,22.99,22.99,1
Naya,Other,1,22.99,22.99,1
Nine West,Shoes,1,22.99,22.99,1
Nygard,Other,1,22.99,22.99,1
Olivaceous,Top,1,22.99,22.99,1
One Step,Top,1,22.99,22.99,1
Pink,Top,1,22.99,22.99,1
Positive Attitude,Other,1,22.99,22.99,1
Rebellion Again,Top,1,22.99,22.99,1
River Island,Top,1,22.99,22.99,1
Signature by Larry Levine,Dress,1,22.99,22.99,1
Sofft,Top,1,22.99,22.99,1
Southwest Indian Foundation,Skirt,1,22.99,22.99,1
SuperDown,Dress,1,22.99,22.99,1
Sweet Pea,Top,1,22.99,22.99,1
Talbots,Other,1,22.99,22.99,1
The Limited,Skirt,1,22.99,22.99,1
Three Eighty Two,Top,1,22.99,22.99,1
Tommy Bahama,Accessories,1,22.99,22.99,1
Tommy Hilfiger,Dress,1,22.99,22.99,1
Tribal,Skirt,1,22.99,22.99,1
Tribe Azure,Romper/Jumpsuit,1,22.99,22.99,1
Uja,Top,1,22.99,22.99,1
Vervet,Jeans/Pants,1,22.99,22.99,1
Wild Fable,Skirt,1,22.99,22.99,1
Wonderly,Skirt,1,22.99,22.99,1
X2,Skirt,1,22.99,22.99,1
Zara,Shoes,1,22.99,22.99,1
Hyfve,Skirt,1,22.0,22.0,1
by JJ,Jeans/Pants,1,22.0,22.0,1
Altar'd State,Other,1,21.99,21.99,1
Armani Exchange,Other,1,21.99,21.99,1
BCBGeneration,Sweater/Cardigan,1,21.99,21.99,1
Bar III,Sweater/Cardigan,1,21.99,21.99,1
Briggs New York,Skirt,1,21.99,21.99,1
Calvin Klein,Skirt,1,21.99,21.99,1
Charlotte Russe,Dress,1,21.99,21.99,1
Charlotte Russe,Top,1,21.99,21.99,1
Christopher Blue,Jeans/Pants,1,21.99,21.99,1
Coco & Jaimeson,Dress,1,21.99,21.99,1
Elliott Lauren,Jeans/Pants,1,21.99,21.99,1
Emma James,Top,1,21.99,21.99,1
Good Choice,Shoes,1,21.99,21.99,1
Grade & Gather,Top,1,21.99,21.99,1
H by bordeaux,Other,1,21.99,21.99,1
Jones New York,Jeans/Pants,1,21.99,21.99,1
Kimchi Blue,Other,1,21.99,21.99,1
Love On A Hanger,Skirt,1,21.99,21.99,1
Majorelle,Top,1,21.99,21.99,1
Marilyn Monroe,Dress,1,21.99,21.99,1
Nine West,Top,1,21.99,21.99,1
Nirvana,Top,1,21.99,21.99,1
Please,Top,1,21.99,21.99,1
Richard Kristall,Shorts,1,21.99,21.99,1
Ronni Nicole,Sweater/Cardigan,1,21.99,21.99,1
Sadie & Sage,Dress,1,21.99,21.99,1
She & Sky,Top,1,21.99,21.99,1
Sincerely Jules,Jeans/Pants,1,21.99,21.99,1
Soffe,Other,1,21.99,21.99,1
Soho Girl's,Top,1,21.99,21.99,1
Spense,Top,1,21.99,21.99,1
The Outfit,Top,1,21.99,21.99,1
Ultra Pink,Other,1,21.99,21.99,1
Venue,Sweater/Cardigan,1,21.99,21.99,1
Aeropostale,Accessories,1,20.99,20.99,1
J Jill,Sweater/Cardigan,1,20.99,20.99,1
Naturalizer,Other,1,20.99,20.99,1
Vertigo,Sweater/Cardigan,1,20.0,39.99,1
American Eagle,Skirt,1,19.99,19.99,1
Ann Taylor,Accessories,1,19.99,19.99,1
Arizona,Jeans/Pants,1,19.99,19.99,1
Champion,Top,1,19.99,19.99,1
Designers Original,Top,1,19.99,19.99,1
Dr 2,Top,1,19.99,19.99,1
Gap,Other,1,19.99,19.99,1
George,Skirt,1,19.99,19.99,1
Hawaiian Punch,Top,1,19.99,19.99,1
Itsu,Skirt,1,19.99,19.99,1
Jack Wills,Shorts,1,19.99,19.99,1
Kate Lord,Shorts,1,19.99,19.99,1
La Castellana,Top,1,19.99,19.99,1
Le Lis,Top,1,19.99,19.99,1
Lou & Grey by Loft,Top,1,19.99,19.99,1
Luxology,Dress,1,19.99,19.99,1
Michelle Nicole,Top,1,19.99,19.99,1
Moth,Sweater/Cardigan,1,19.99,19.99,1
Muse Valley,Dress,1,19.99,19.99,1
Nike,Top,1,19.99,19.99,1
Perceptions,Sweater/Cardigan,1,19.99,19.99,1
Peyton Primrase,Other,1,19.99,19.99,1
Posty Co,Top,1,19.99,19.99,1
Reformed,Skirt,1,19.99,19.99,1
So,Jacket/Coat,1,19.99,19.99,1
Steve Madden,Top,1,19.99,19.99,1
The Territory Ahead,Dress,1,19.99,19.99,1
Urban Behavior,Top,1,19.99,19.99,1
Whispers,Other,1,19.99,19.99,1
Kristin Davis,Top,1,19.0,19.0,1
Paani Luv,Skirt,1,19.0,19.0,1
Xcvi,Top,1,19.0,19.0,1
A. Byer,Top,1,18.99,18.99,1
Agenda,Top,1,18.99,18.99,1
Altar'd State,Romper/Jumpsuit,1,18.99,18.99,1
Anne Klein,Dress,1,18.99,18.99,1
Apollo,Jeans/Pants,1,18.99,18.99,1
Apt 9,Other,1,18.99,18.99,1
Aryeh,Dress,1,18.99,18.99,1
Be Divine,Other,1,18.99,18.99,1
Bluesteel,Top,1,18.99,18.99,1
Cable & Gauge,Other,1,18.99,18.99,1
Cable & Gauge,Top,1,18.99,18.99,1
Charlotte Russe,Other,1,18.99,18.99,1
Chico's,Top,1,18.99,18.99,1
Daytrip,Top,1,18.99,18.99,1
Divided,Dress,1,18.99,18.99,1
Dress Forum,Dress,1,18.99,18.99,1
EarthBound,Top,1,18.99,18.99,1
Franco Sarto,Other,1,18.99,18.99,1
Georciou Studio,Accessories,1,18.99,18.99,1
Halogen,Top,1,18.99,18.99,1
Impressions,Top,1,18.99,18.99,1
Izod,Skirt,1,18.99,18.99,1
J.Crew,Shorts,1,18.99,18.99,1
Jeuvre,Dress,1,18.99,18.99,1
Jules & Leopold,Jeans/Pants,1,18.99,18.99,1
Kenar,Shorts,1,18.99,18.99,1
Lady O,Shorts,1,18.99,18.99,1
Miss Cocoa,Top,1,18.99,18.99,1
Morgan Taylor Intimates,Dress,1,18.99,18.99,1
Nakamol,Accessories,1,18.99,18.99,1
NikiBiki,Dress,1,18.99,18.99,1
Nvgtn,Top,1,18.99,18.99,1
Ocean Drive,Dress,1,18.99,18.99,1
Oz,Accessories,1,18.99,18.99,1
Promod,Top,1,18.99,18.99,1
Rachel Zoe,Top,1,18.99,18.99,1
Rafaella,Skirt,1,18.99,18.99,1
Relativity,Sweater/Cardigan,1,18.99,18.99,1
Sienna Sky,Other,1,18.99,18.99,1
Sim & Sam,Top,1,18.99,18.99,1
Sonoma,Accessories,1,18.99,18.99,1
Tahari Arthur S Levine,Top,1,18.99,18.99,1
Thml,Sweater/Cardigan,1,18.99,18.99,1
Tic Toc,Set,1,18.99,18.99,1
Victoria's Secret,Other,1,18.99,18.99,1
White Mountain,Top,1,18.99,18.99,1
Wrangler,Shorts,1,18.99,18.99,1
Ww,Accessories,1,18.99,18.99,1
Zac & Rachel,Other,1,18.99,18.99,1
3 Suiesses Collection,Dress,1,18.0,35.99,1
The Limited,Top,1,18.0,18.0,1
A New Day,Dress,1,17.99,17.99,1
Adrienne Vittadini,Top,1,17.99,17.99,1
BCBGeneration,Skirt,1,17.99,17.99,1
Bog,Top,1,17.99,17.99,1
Copper Key,Dress,1,17.99,17.99,1
Gianni Bini,Top,1,17.99,17.99,1
H&M,Top,1,17.99,17.99,1
Harlowe & Graham,Other,1,17.99,17.99,1
Intimately,Other,1,17.99,17.99,1
Mimi Chica,Top,1,17.99,17.99,1
New Directions,Top,1,17.99,17.99,1
PacSun,Jeans/Pants,1,17.99,17.99,1
Philosophy,Top,1,17.99,17.99,1
Rhythm,Other,1,17.99,17.99,1
S.C. Society,Top,1,17.99,17.99,1
Sienna Sky,Top,1,17.99,17.99,1
Sincerely Jules,Other,1,17.99,17.99,1
Slenderella,Dress,1,17.99,17.99,1
Thirty Thirty,Other,1,17.99,17.99,1
Vera Pelle,Accessories,1,17.99,17.99,1
Hurley,Shorts,1,17.0,17.0,1
Allegra K,Top,1,16.99,16.99,1
Elan,Top,1,16.99,16.99,1
Indigo Rising,Top,1,16.99,16.99,1
Jbd,Skirt,1,16.99,16.99,1
Lane Bryant,Top,1,16.99,16.99,1
Lorraine,Dress,1,16.99,16.99,1
Sanctuary,Other,1,16.99,16.99,1
St. John's Bay,Other,1,16.99,16.99,1
Under Armor,Accessories,1,16.99,16.99,1
Westbound,Sweater/Cardigan,1,16.99,16.99,1
Xtraordinary,Top,1,16.99,16.99,1
Bdg,Skirt,1,16.0,16.0,1
Garage,Jeans/Pants,1,16.0,16.0,1
Ali & Chris,Top,1,15.99,15.99,1
Allison Brittney,Dress,1,15.99,15.99,1
August,Accessories,1,15.99,15.99,1
Bed of Roses,Top,1,15.99,15.99,1
Body Central,Top,1,15.99,15.99,1
Camelot,Top,1,15.99,15.99,1
Caroline Hill,Top,1,15.99,15.99,1
Charming Charlie,Accessories,1,15.99,15.99,1
Chloe & Katie,Skirt,1,15.99,15.99,1
Cocomo,Top,1,15.99,15.99,1
Comfort Colors,Top,1,15.99,15.99,1
David & Young,Accessories,1,15.99,15.99,1
Diesel,Jeans/Pants,1,15.99,15.99,1
Diesel,Skirt,1,15.99,31.99,1
Elite,Accessories,1,15.99,15.99,1
Forever 21,Top,1,15.99,15.99,1
Gianni Bini,Shoes,1,15.99,15.99,1
Her,Other,1,15.99,15.99,1
Highway Jeans,Jeans/Pants,1,15.99,15.99,1
Hydraulic,Skirt,1,15.99,15.99,1
Hypnotik,Dress,1,15.99,15.99,1
Inner Most,Other,1,15.99,15.99,1
Izod,Top,1,15.99,15.99,1
Japna,Top,1,15.99,15.99,1
LA Hearts,Top,1,15.99,15.99,1
Liangcai,Dress,1,15.99,31.99,1
Loft,Shorts,1,15.99,15.99,1
Lohla,Skirt,1,15.99,15.99,1
Love Fire,Top,1,15.99,15.99,1
Margo Paige,Accessories,1,15.99,15.99,1
Marilyn Monroe,Top,1,15.99,15.99,1
Mng,Top,1,15.99,15.99,1
Naked Zebra,Top,1,15.99,15.99,1
Out from under,Romper/Jumpsuit,1,15.99,15.99,1
PGA Tour,Top,1,15.99,15.99,1
Papaya,Top,1,15.99,15.99,1
Ps La,Top,1,15.99,15.99,1
R & K Originals,Top,1,15.99,15.99,1
Ralph Lauren,Other,1,15.99,15.99,1
Red Oak,Top,1,15.99,15.99,1
Sag Harbor,Top,1,15.99,15.99,1
Sanctuary,Top,1,15.99,15.99,1
Sincerely Jules,Top,1,15.99,15.99,1
Socialite,Top,1,15.99,15.99,1
St. John's Bay,Shorts,1,15.99,15.99,1
Studio 1940,Other,1,15.99,15.99,1
Undiz,Top,1,15.99,15.99,1
United States Sweaters,Sweater/Cardigan,1,15.99,15.99,1
Vanity Fair,Other,1,15.99,15.99,1
8 by Yook,Other,1,14.99,14.99,1
Aerie,Other,1,14.99,14.99,1
Arizona,Skirt,1,14.99,14.99,1
Axyeh,Dress,1,14.99,29.99,1
Blush,Top,1,14.99,14.99,1
Calvin Klein Jeans,Jacket/Coat,1,14.99,29.99,1
Carolina Blues,Shorts,1,14.99,14.99,1
Derek Heart,Sweater/Cardigan,1,14.99,14.99,1
Express,Jeans/Pants,1,14.99,14.99,1
Express Design Studio,Dress,1,14.99,14.99,1
Generation Kiss,Jeans/Pants,1,14.99,14.99,1
Guns N Roses,Other,1,14.99,14.99,1
Hello Franki,Other,1,14.99,14.99,1
Known Supply,Top,1,14.99,14.99,1
Lush,Other,1,14.99,14.99,1
Mariokart,Top,1,14.99,14.99,1
Merit,Accessories,1,14.99,14.99,1
Moa Moa,Top,1,14.99,14.99,1
Monteau,Top,1,14.99,14.99,1
Next,Accessories,1,14.99,14.99,1
Say What,Set,1,14.99,14.99,1
Tryst,Top,1,14.99,14.99,1
Beige,Top,1,13.99,13.99,1
Derek Heart,Top,1,13.99,13.99,1
Kasper Knits,Top,1,13.99,13.99,1
National Collegian,Top,1,13.99,13.99,1
Port & Co,Top,1,13.99,13.99,1
Runway,Other,1,13.99,13.99,1
Sophie Max,Dress,1,13.99,13.99,1
Universal Thread,Top,1,13.99,13.99,1
Zara Basic,Top,1,13.99,13.99,1
1 co Premium,Shorts,1,12.99,12.99,1
AC/DC,Top,1,12.99,12.99,1
Aerie Offline,Top,1,12.99,12.99,1
Ande,Accessories,1,12.99,12.99,1
Biviar,Accessories,1,12.99,12.99,1
Black Tank,Top,1,12.99,12.99,1
Blue Jasmine,Top,1,12.99,12.99,1
C&C california,Dress,1,12.99,12.99,1
Cotton Candy LA,Other,1,12.99,12.99,1
Dazy,Top,1,12.99,12.99,1
Izod,Other,1,12.99,25.99,1
Max Studio,Top,1,12.99,12.99,1
Old County Road,Accessories,1,12.99,12.99,1
Shade Shore,Top,1,12.99,12.99,1
Urban Romantics,Top,1,12.99,12.99,1
Vera Bradley,Accessories,1,12.99,12.99,1
White House Black Market,Accessories,1,12.99,12.99,1
Loverocks,Top,1,12.49,24.99,1
Live in the Moment,Top,1,11.99,11.99,1
Melrose & Market,Shorts,1,11.99,11.99,1
Banana Republic,Shorts,1,11.49,22.99,1
Judith Hart,Top,1,11.49,22.99,1
Absolutely Love it,Top,1,10.99,10.99,1
Catalina,Top,1,10.99,10.99,1
Delta Pro Weight,Other,1,10.99,10.99,1
Eloise,Top,1,10.99,10.99,1
Haute Monde,Skirt,1,10.99,10.99,1
Liz Claiborne,Shoes,1,10.99,10.99,1
M Usa,Top,1,10.99,21.99,1
H&M,Shorts,1,9.99,9.99,1
Jealous Tomato,Other,1,9.99,19.99,1
One Step Up,Dress,1,9.99,19.99,1
Reformation,Other,1,9.99,9.99,1
SJB Active,Top,1,9.99,9.99,1
Vanity,Top,1,9.99,19.99,1
Akira,Top,1,9.5,19.0,1
Zenana,Top,1,9.49,18.99,1
Aura,Top,1,8.99,8.99,1
French Bee,Accessories,1,8.99,8.99,1
One Clothing,Other,1,8.99,8.99,1
Hot Tees,Top,1,8.0,15.99,1
Mine,Top,1,8.0,15.99,1
Jacqueline Ferrar,Top,1,7.99,7.99,1
Sleevey Wonders,Top,1,7.5,15.0,1
Alberto Makali,Other,1,7.2,35.99,1
Elevenses,Skirt,1,0.0,32.99,1
